document_number,city_en,country_en,month_en,year,city_ua,country_ua,month_ua,side1_name_en,side1_registered_at_en,side1_city_en,side1_country_en,side1_registration_number,side2_name_en,side2_registered_at_en,side2_city_en,side2_country_en,side2_registration_number,side1_name_ua,side1_registered_at_ua,side1_city_ua,side1_country_ua,side2_name_ua,side2_registered_at_ua,side2_city_ua,side2_country_ua,side1_tax_number,side2_email
001,Kyiv,Ukraine,September,2025,Київ,Україна,Вересень,John Doe,123 Main St,Kyiv,Ukraine,1234567890,Jane Smith,456 Park Ave,Lviv,Ukraine,9876543210,Джон Доу,вул. Хрещатик 12,Київ,Україна,Джейн Сміт,вул. Сахарова 5,Львів,Україна,3216549870,contractor@example.com
002,Lviv,Ukraine,October,2025,Львів,Україна,Жовтень,Michael Johnson,12 Freedom Sq,Lviv,Ukraine,2223334445,Emily Davis,34 Central Blvd,Kharkiv,Ukraine,6789054321,Майкл Джонсон,пл. Свободи 12,Львів,Україна,Емілі Девіс,бул. Центральний 34,Харків,Україна,9876501234,emily.davis@example.com
003,Kharkiv,Ukraine,November,2025,Харків,Україна,Листопад,Olga Petrova,88 Green St,Kharkiv,Ukraine,5566778899,Robert Wilson,22 King Rd,Odesa,Ukraine,1122334455,Ольга Петрова,вул. Зелена 88,Харків,Україна,Роберт Вілсон,вул. Королівська 22,Одеса,Україна,1234509876,robert.wilson@example.com
004,Odesa,Ukraine,December,2025,Одеса,Україна,Грудень,Anna Kovalenko,15 Deribasivska,Odesa,Ukraine,6677889900,David Brown,77 High St,Kyiv,Ukraine,4455667788,Анна Коваленко,вул. Дерибасівська 15,Одеса,Україна,Девід Браун,вул. Висока 77,Київ,Україна,2345678910,david.brown@example.com
005,Dnipro,Ukraine,January,2026,Дніпро,Україна,Січень,Serhii Melnyk,45 Soborna St,Dnipro,Ukraine,1011121314,Sophia Miller,9 Liberty Ave,Lviv,Ukraine,9898989898,Сергій Мельник,вул. Соборна 45,Дніпро,Україна,Софія Міллер,просп. Свободи 9,Львів,Україна,6543217890,sophia.miller@example.com
